nom;prenom;numero_etudiant;classe;type;biographie;programme
NDIAYE;Moussa;2025020;AS1;delegue;Étudiant engagé reconnu pour ses qualités de leadership et son esprit d'équipe. Très impliqué dans la vie de classe et les projets étudiants.;Améliorer la communication entre étudiants et administration. Organiser des événements de cohésion. Défendre les intérêts académiques de la classe.
DIALLO;Fatou;2025021;AS1;adjoint;Étudiante impliquée avec d'excellentes capacités de communication et un fort sens des responsabilités. Active dans les initiatives de classe.;Renforcer l'esprit de classe. Améliorer les conditions d'étude. Organiser des activités culturelles et des sessions de révision.
KANE;Amadou;2025022;ISE1 Maths;delegue;Étudiant motivé avec une forte capacité d'organisation et sens des responsabilités. Reconnu pour son engagement dans la vie étudiante.;Organiser des événements de classe. Améliorer la communication avec l'administration. Promouvoir l'excellence académique.
FALL;Mariama;2025023;ISE1 Eco;adjoint;Étudiante passionnée par la vie étudiante avec d'excellentes qualités relationnelles. Impliquée dans plusieurs projets de classe.;Améliorer les conditions d'étude. Organiser des activités de cohésion. Faciliter les échanges entre étudiants et professeurs.
SALL;Ibrahima;2025024;ISEP1;delegue;Étudiant impliqué avec une forte capacité d'organisation et sens des responsabilités. Leader naturel reconnu par ses pairs.;Défendre les intérêts de la classe ISEP1. Organiser des sessions de travail collaboratif. Améliorer la communication avec l'administration.
BARRY;Aissatou;2025025;Masters;adjoint;Étudiante en Master reconnue pour son expérience et sa capacité à guider les autres étudiants. Très impliquée dans la vie académique.;Faciliter l'intégration des nouveaux étudiants. Organiser des événements inter-promotions. Améliorer les services aux étudiants de Master. 